{
    "landUseName": "MODIS_05s", 
    "folderDir": "/data/loach/share/toFS/",
    "baseLon":   0.00069444,
    "baseLat": -89.99930556,
    "dx": 0.00138889,
    "dy": 0.00138889,
    "tilex": 7200,
    "tiley": 7200,
    "numType": 20
    }