{
    "landUseName": "MODIS_15s", 
    "folderDir": "/data/loach/Data/GEOG/modis_landuse_20class_15s/",
    "baseLon": -179.9979167,
    "baseLat": -89.9979167,
    "dx": 0.00416667,
    "dy": 0.00416667,
    "tilex": 2400,
    "tiley": 2400,
    "numType": 20,
    "waterIdx": 17
}